route_id,stop_id,sequence,distance_from_previous
sajha-01,lagankhel,1,
sajha-01,kumaripati,2,0.52
sajha-01,jawalakhel,3,0.64
sajha-01,pulchowk,4,0.52
sajha-01,harihar-bhawan,5,0.55
sajha-01,kupandol,6,0.72
sajha-01,tripureshwor,7,0.77
sajha-01,nac,8,0.98
sajha-01,jamal,9,0.70
sajha-01,lainchaur,10,0.96
sajha-01,lazimpat,11,0.21
sajha-01,panipokhari,12,2.78
sajha-01,presidents-residence,13,0.92
sajha-01,teaching-hospital,14,0.45
sajha-01,narayan-gopal-chowk,15,0.77
sajha-01,basundhara,16,0.41
sajha-01,samakhusi,17,1.68
sajha-01,gongabu,18,0.95
sajha-02,lagankhel,1,
sajha-02,kumaripati,2,0.52
sajha-02,jawalakhel,3,0.64
sajha-02,pulchowk,4,0.52
sajha-02,harihar-bhawan,5,0.55
sajha-02,kupandol,6,0.72
sajha-02,tripureshwor,7,0.77
sajha-02,nac,8,0.98
sajha-02,jamal,9,0.70
sajha-02,lainchaur,10,0.96
sajha-02,lazimpat,11,0.21
sajha-02,panipokhari,12,2.78
sajha-02,presidents-residence,13,0.92
sajha-02,teaching-hospital,14,0.45
sajha-02,narayan-gopal-chowk,15,0.77
sajha-02,gangalal-hospital,16,0.81
sajha-02,neuro-hospital,17,0.49
sajha-02,golfutar,18,0.25
sajha-02,telecom-chowk,19,12.05
sajha-02,hattigauda,20,12.55
sajha-02,chapali,21,1.56
sajha-02,deuba-chowk,22,0.86
sajha-03,godawari,1,
sajha-03,taukhel,2,2.83
sajha-03,handegaun,3,0.31
sajha-03,badegaun,4,0.17
sajha-03,harisiddhi,5,2.68
sajha-03,hattiban,6,1.26
sajha-03,khumaltar,7,1.48
sajha-03,satdobato,8,0.29
sajha-03,lagankhel,9,0.82
sajha-03,kumaripati,10,0.52
sajha-03,jawalakhel,11,0.64
sajha-03,pulchowk,12,0.52
sajha-03,harihar-bhawan,13,0.55
sajha-03,kupandol,14,0.72
sajha-03,tripureshwor,15,0.77
sajha-03,nac,16,0.98
sajha-03,ratnapark,17,0.12
sajha-04,lamatar,1,
sajha-04,dungin,2,0.64
sajha-04,lubhu,3,2.69
sajha-04,school-chowk,4,3.78
sajha-04,sanagaun,5,2.17
sajha-04,kamalpokhari,6,1.34
sajha-04,imadol-krishna-mandir,7,0.74
sajha-04,ratamakai-chowk,8,0.65
sajha-04,kist-hospital,9,0.26
sajha-04,gwarko,10,0.41
sajha-04,satdobato,11,1.12
sajha-04,lagankhel,12,0.82
sajha-04,jawalakhel,13,1.07
sajha-04,pulchowk,14,0.52
sajha-04,harihar-bhawan,15,0.55
sajha-04,kupandol,16,0.72
sajha-04,tripureshwor,17,0.77
sajha-04,nac,18,0.98
sajha-04,jamal,19,0.70
sajha-04,lazimpat,20,1.04
sajha-04,lainchaur,21,0.21
sajha-04,ratnapark,22,1.76
sajha-05,thankot,1,
sajha-05,tribhuvan-park,2,0.67
sajha-05,checkpost,3,0.95
sajha-05,satungal,4,2.40
sajha-05,naikap,5,2.52
sajha-05,dui-adda,6,0.70
sajha-05,kalanki,7,1.18
sajha-05,kalanki-mandir,8,0.41
sajha-05,ravibhawan,9,2.97
sajha-05,saltimod,10,3.80
sajha-05,kalimati,11,2.59
sajha-05,tek,12,2.17
sajha-05,vipreshwar,13,0.74
sajha-05,nab,14,2.95
sajha-05,ratnapark,15,1.20
sajha-05,singha-durbar,16,0.89
sajha-05,maitighar,17,0.34
sajha-05,bijuli-bazar,18,0.88
sajha-05,naya-baneshwar,19,0.60
sajha-05,tinkune,20,1.12
sajha-05,sinamangal,21,1.38
sajha-05,tribhuvan-international-airport,22,0.60
sajha-06,thankot,1,
sajha-06,tribhuvan-park,2,0.67
sajha-06,checkpost,3,0.95
sajha-06,satungal,4,2.40
sajha-06,naikap,5,2.52
sajha-06,dui-adda,6,0.70
sajha-06,kalanki,7,1.18
sajha-06,bafal,8,0.39
sajha-06,sitapaila,9,0.83
sajha-06,swayambhu,10,1.01
sajha-06,banasthali,11,1.74
sajha-06,balaju,12,0.70
sajha-06,gongabu,13,0.83
sajha-06,samakhusi,14,0.95
sajha-06,basundhara,15,1.68
sajha-06,narayan-gopal-chowk,16,0.41
sajha-06,gangalal-hospital,17,0.81
sajha-06,neuro-hospital,18,0.49
sajha-06,golfutar,19,0.25
sajha-06,hattigauda,20,0.68
sajha-06,deuba-chowk,21,2.41
sajha-06,budhanilkantha,22,6.16
sajha-07,lele,1,
sajha-07,tikabhairav,2,2.71
sajha-07,takhal,3,3.79
sajha-07,pyanggaun,4,1.38
sajha-07,thecho,5,2.21
sajha-07,sunakothi,6,1.94
sajha-07,dholahiti,7,0.51
sajha-07,khumaltar,8,2.07
sajha-07,chapagaun-dobato,9,6.57
sajha-07,lagankhel,10,7.60
sajha-07,kumaripati,11,0.52
sajha-07,jawalakhel,12,0.64
sajha-07,pulchowk,13,0.52
sajha-07,harihar-bhawan,14,0.55
sajha-07,kupandol,15,0.72
sajha-07,tripureshwor,16,0.77
sajha-07,nac,17,0.98
sajha-07,jamal,18,0.70
sajha-08,bungamati,1,
sajha-08,bhaisepati,2,2.64
sajha-08,nakkhu,3,1.43
sajha-08,ekantakuna,4,0.31
sajha-08,lagankhel,5,1.58
sajha-08,jawalakhel,6,1.07
sajha-08,pulchowk,7,0.52
sajha-08,kupandol,8,1.25
sajha-08,thapathali,9,0.41
sajha-08,singha-durbar,10,0.76
sajha-08,bhadrakali,11,14.33
sajha-08,nac,12,15.09
sajha-08,jamal,13,0.70
