stop_id,name,latitude,longitude,location_description
lagankhel,Lagankhel,27.666338,85.322711,Lalitpur
kumaripati,Kumaripati,27.670575,85.320447,Lalitpur
jawalakhel,Jawalakhel,27.672400,85.314324,Lalitpur
pulchowk,Pulchowk,27.676755,85.316140,Lalitpur
harihar-bhawan,Harihar Bhawan,27.681561,85.317384,Lalitpur
kupandol,Kupandol,27.687965,85.316276,Lalitpur
thapathali,Thapathali,27.691441,85.317725,Kathmandu
tripureshwor,Tripureshwor,27.694218,85.313012,Kathmandu
nac,NAC,27.702987,85.313543,Kathmandu
jamal,Jamal,27.709066,85.315263,Kathmandu
lainchaur,Lainchaur,27.717668,85.315053,Kathmandu
lazimpat,Lazimpat,27.718241,85.317049,Kathmandu
panipokhari,Panipokhari,27.740729,85.329376,Kathmandu
presidents-residence,President's Residence,27.732519,85.328153,Kathmandu
teaching-hospital,Teaching Hospital,27.735644,85.331116,Kathmandu
narayan-gopal-chowk,Narayan Gopal Chowk,27.740285,85.336924,Kathmandu
basundhara,Basundhara,27.742222,85.333423,Kathmandu
samakhusi,Samakhusi,27.735449,85.318145,Kathmandu
gongabu,Gongabu Bus Park,27.734878,85.308464,Kathmandu
gangalal-hospital,Gangalal Hospital,27.745794,85.342335,Kathmandu
neuro-hospital,Neuro Hospital,27.748938,85.345834,Kathmandu
golfutar,Golfutar,27.751165,85.345736,Kathmandu
telecom-chowk,Telecom Chowk,27.645991,85.375267,Kathmandu
hattigauda,Hattigauda,27.756491,85.349069,Kathmandu
chapali,Chapali,27.769124,85.355868,Kathmandu
deuba-chowk,Deuba Chowk,27.775395,85.360947,Kathmandu
godawari,Godawari,27.594816,85.378076,Lalitpur
taukhel,Taukhel,27.612333,85.357281,Lalitpur
handegaun,Handegaun,27.614878,85.355909,Lalitpur
badegaun,Badegaun,27.615945,85.354641,Lalitpur
thaiba,Thaiba Bus Stop,27.625230,85.347778,Lalitpur
harisiddhi,Harisiddhi,27.637159,85.341704,Lalitpur
hattiban,Hattiban,27.647543,85.336590,Lalitpur
khumaltar,Khumaltar,27.657073,85.326127,Lalitpur
satdobato,Satdobato,27.659097,85.324260,Lalitpur
ratnapark,Ratnapark,27.701900,85.313648,Kathmandu
lamatar,Lamatar,27.633077,85.390954,Lalitpur
dungin,Dungin,27.628830,85.395332,Lalitpur
lubhu,Lubhu,27.643066,85.373236,Lalitpur
school-chowk,School Chowk,27.6600,85.3400,Lalitpur
sanagaun,Sanagaun,27.650123,85.358984,Lalitpur
kamalpokhari,Kamalpokhari,27.657925,85.348615,Lalitpur
imadol-krishna-mandir,Imadol Krishna Mandir,27.661717,85.342444,Lalitpur
ratamakai-chowk,Ratamakai Chowk,27.664597,85.336698,Lalitpur
kist-hospital,Kist Hospital,27.663240,85.334498,Lalitpur
gwarko,Gwarko,27.666303,85.332238,Lalitpur
thankot,Thankot,27.694360,85.218237,Kathmandu
tribhuvan-park,Tribhuvan Park,27.689666,85.222467,Kathmandu
checkpost,Checkpost,27.696192,85.228650,Kathmandu
satungal,Satungal,27.68692,85.25064,Kathmandu
naikap,Naikap,27.691239,85.275753,Kathmandu
dui-adda,Dui Adda,27.6950,85.2700,Kathmandu
kalanki,Kalanki,27.696923,85.281794,Kathmandu
kalanki-mandir,Kalanki Mandir,27.694548,85.285000,Kathmandu
ravibhawan,Ravibhawan,27.678624,85.309230,Kathmandu
saltimod,Salti Mod,27.710880,85.322027,Kathmandu
kalimati,Kalimati,27.698869,85.299430,Kathmandu
tek,TEK,27.6800,85.3050,Kathmandu
vipreshwar,Vipreshwar,27.6750,85.3100,Kathmandu
nab,N.A.Bh,27.6980,85.3250,Kathmandu
singha-durbar,Singha Durbar,27.697520,85.321224,Kathmandu
maitighar,Maitighar,27.694510,85.321386,Kathmandu
bijuli-bazar,Bijuli Bazar,27.692983,85.330136,Kathmandu
naya-baneshwar,Naya Baneshwar,27.689447,85.334706,Kathmandu
tinkune,Tinkune,27.686665,85.345656,Kathmandu
sinamangal,Sinamangal,27.695864,85.355020,Kathmandu
tribhuvan-international-airport,Tribhuvan International Airport,27.700989,85.353235,Kathmandu
bafal,Bafal,27.700383,85.281635,Kathmandu
sitapaila,Sitapaila,27.707782,85.282407,Kathmandu
swayambhu,Swayambhu,27.716857,85.283410,Kathmandu
banasthali,Banasthali,27.725404,85.298159,Kathmandu
balaju,Balaju,27.728230,85.304534,Kathmandu
budhanilkantha,Budhanilkantha,27.721667,85.345764,Kathmandu
bhaisepati,Bhaisepati,27.652572,85.304963,Lalitpur
nakkhu,Nakkhu,27.665322,85.306505,Lalitpur
ekantakuna,Ekantakuna,27.668088,85.306746,Lalitpur
chapagaun-dobato,Chapagaun Dobato,27.598013,85.323932,Lalitpur
lele,Lele,27.568754,85.340748,Lalitpur
tikabhairav,Tikabhairav,27.576263,85.314632,Lalitpur
takhal,Takhal,27.6100,85.3200,Lalitpur
pyanggaun,Pyanggaun,27.598492,85.325145,Lalitpur
thecho,Thecho,27.617745,85.319424,Lalitpur
sunakothi,Sunakothi,27.635196,85.318427,Lalitpur
dholahiti,Dholahiti,27.639811,85.318135,Lalitpur
bungamati,Bungamati,27.628855,85.303729,Lalitpur
bhadrakali,Bhadrakali,27.698160,85.466731,Kathmandu